{
  "Grin-CT31": 0.02685649,
  "Nicehash-Cuckatoo31": 0.0265177,
  "Zcoin": 0.01414698,
  "BitCash": 0.0078082,
  "Grin-CR29": 0.00685892,
  "Nicehash-Cuckaroom29": 0.00661809,
  "Ravencoin": 0.00571485,
  "Nicehash-X16Rv2": 0.00561271,
  "Nicehash-X16R": 0.00543236,
  "Swap": 0.00386181,
  "Aeternity": 0.00378424,
  "Nicehash-CuckooCycle": 0.00336855,
  "Luxcoin": 0.00154987,
  "Exosis": 0.00133604,
  "Sinovate": 0.00131066,
  "Bitcoin Interest": 0.0012367,
  "Gexan": 0.00116383,
  "Zclassic": 0.00098657,
  "Zero": 0.00095151,
  "Anon": 0.0008769,
  "Veil": 0.00073451,
  "BitcoinPrivate": 0.00059867,
  "Beam": 0.00054987,
  "Nicehash-BeamV2": 0.00054956,
  "Bitcore": 0.00041635,
  "EthereumClassic": 0.0001512,
  "Nicehash-Ethash": 0.000143,
  "Ethereum": 0.00014196,
  "Pirl": 9.448e-05,
  "EtherGem": 8.692e-05,
  "QuarkChain": 8.654e-05,
  "Aion": 8.638e-05,
  "Zel": 8.254e-05,
  "Ellaism": 7.92e-05,
  "Dubaicoin": 7.04e-05,
  "Ubiq": 7.018e-05,
  "Callisto": 6.941e-05,
  "Expanse": 6.857e-05,
  "Metaverse": 6.749e-05,
  "Ether-1": 5.413e-05,
  "EtherSocial": 4.397e-05,
  "BitcoinGold": 4.053e-05,
  "BitcoinZ": 3.658e-05,
  "Nicehash-Zhash": 3.421e-05,
  "SnowGem": 3.409e-05,
  "BitTube": 1.878e-05,
  "Bloc": 1.845e-05,
  "HavenProtocol": 1.615e-05,
  "Ryo": 1.362e-05,
  "Nicehash-Lyra2REv3": 1.241e-05,
  "Nicehash-NeoScrypt": 1.192e-05,
  "Vertcoin": 9.27e-06,
  "Lethean": 7.39e-06,
  "Feathercoin": 6.5e-06,
  "Conceal": 5.22e-06,
  "Monero": 3.95e-06,
  "Nicehash-RandomX": 3.85e-06,
  "Sumokoin": 3.78e-06,
  "GoByte": 3.51e-06,
  "Nicehash-CryptoNightR": 3.49e-06,
  "Electronero": 3.42e-06,
  "Masari": 2.95e-06,
  "Graft": 2.48e-06
}