{
  "EthereumClassic": 0.0021185,
  "Nicehash-Ethash": 0.00203035,
  "Ethereum": 0.00201052,
  "Pirl": 0.00128481,
  "BitTube": 0.00116449,
  "EtherGem": 0.00111637,
  "QuarkChain": 0.0010812,
  "Zclassic": 0.00105393,
  "HavenProtocol": 0.00101455,
  "Zero": 0.00101301,
  "Nicehash-NeoScrypt": 0.00099984,
  "Dubaicoin": 0.00099089,
  "Bloc": 0.00098227,
  "Callisto": 0.00098056,
  "Ubiq": 0.00096965,
  "Expanse": 0.00096118,
  "Metaverse": 0.00095564,
  "Anon": 0.00094032,
  "BitcoinGold": 0.00093627,
  "Aion": 0.00093457,
  "Ellaism": 0.00089953,
  "BitcoinZ": 0.0008575,
  "Zel": 0.00085418,
  "Nicehash-Zhash": 0.00080423,
  "SnowGem": 0.00076013,
  "Bitcoin Interest": 0.00074652,
  "Ether-1": 0.00071134,
  "Conceal": 0.00069729,
  "Ryo": 0.00066408,
  "BitcoinPrivate": 0.00064225,
  "EtherSocial": 0.00058942,
  "Lethean": 0.00053169,
  "Feathercoin": 0.00052037,
  "BitCash": 0.00041471,
  "Masari": 0.00038973,
  "Sumokoin": 0.00029161,
  "GoByte": 0.00028207,
  "Nicehash-CryptoNightR": 0.00026768,
  "Ravencoin": 0.00026045,
  "Nicehash-X16Rv2": 0.0002544,
  "Nicehash-X16R": 0.00024748,
  "Graft": 0.00018752,
  "Exosis": 0.00014703,
  "Sinovate": 0.00010531,
  "Electronero": 9.92e-05,
  "Bitcore": 3.987e-05,
  "Veil": 3.409e-05,
  "Nicehash-Cuckatoo31": 0.0,
  "Nicehash-RandomX": 0.0,
  "Nicehash-BeamV2": 0.0,
  "Nicehash-CuckooCycle": 0.0,
  "Nicehash-Lyra2REv3": 0.0,
  "Nicehash-Cuckaroom29": 0.0,
  "Grin-CR29": 0.0,
  "Vertcoin": 0.0,
  "Aeternity": 0.0,
  "Luxcoin": 0.0,
  "Monero": 0.0,
  "Zcoin": 0.0,
  "Beam": 0.0,
  "Grin-CT31": 0.0,
  "Swap": 0.0,
  "Gexan": 0.0
}